Model,Accuracy_Train,Accuracy_Test,Precision,Recall,F1_Score
Random Forest,1.0,0.8571428571428571,0.8580952380952381,0.8571428571428571,0.8572620537576733
SVM,0.9375,0.8571428571428571,0.8580952380952381,0.8571428571428571,0.8572620537576733
KNN,0.9270833333333334,0.8571428571428571,0.8580952380952381,0.8571428571428571,0.8572620537576733
